target,target_column,model,training_high_pressure_threshold_q75,cv_MAE_mean,cv_MAE_sd,holdout_n,holdout_MAE,holdout_RMSE,holdout_MAPE,holdout_R2,holdout_MeanBias,holdout_MedianAE,high_pressure_true_positive_days,high_pressure_false_positive_days,high_pressure_false_negative_days,high_pressure_true_negative_days,high_pressure_precision,high_pressure_recall,high_pressure_f1
Expanded demand-pressure index,y_expanded_demand_pressure_index,LightGBM (S2),1.3916083916083917,0.2195564629433203,0.018490115203311994,271,0.2967258892592328,0.35827180731321784,32.6322494081824,-0.6865792979869376,0.24256966306111719,0.28316132475518674,17,80,19,155,0.17525773195876287,0.4722222222222222,0.25563909774436094
Open-order pressure,y_open_order_pressure,LightGBM (S2),1.2276785714285716,0.2037080363238848,0.01626599443667514,271,0.28546644689666617,0.34052659823659676,37.16626769167271,-0.7371822117260995,0.24094281456092823,0.263698978248581,14,88,9,160,0.13725490196078433,0.6086956521739131,0.22400000000000006
Realized served-truck utilization,y_utilization_nextday,LightGBM (S2),1.2993243243243244,0.2069253355350186,0.017099929660511676,271,0.28300472299481716,0.3381699587154509,34.444779298544645,-0.5827962915311711,0.2222229700886045,0.2599899223236817,14,76,23,158,0.15555555555555556,0.3783783783783784,0.22047244094488191
Scheduled demand pressure,y_scheduled_demand_pressure,LightGBM (S2),1.3096816976127321,0.2124843399240013,0.012174015662465726,271,0.30215081292434165,0.3580956098580362,36.02165790864117,-0.7777130022916445,0.2521762726635934,0.28594936061047815,22,87,14,148,0.2018348623853211,0.6111111111111112,0.30344827586206896
Secondary trip-capacity utilization,y_secondary_capacity_rate,XGBoost (S2),0.9349999999999999,0.13328895178708164,0.007569738287390527,271,0.2044306710197477,0.24397723215335504,35.853090959670574,-1.0120400351259753,0.1855948264836385,0.18773677587509152,12,69,7,183,0.14814814814814814,0.631578947368421,0.24
Served plus deferred pressure,y_served_plus_deferred_pressure,LightGBM (S2),1.3333333333333333,0.22766828949671264,0.017114679561727394,271,0.3167444395900674,0.37554883630383723,37.99854591754389,-0.7207870968213712,0.2571681407674554,0.30138678655737494,15,86,19,151,0.1485148514851485,0.4411764705882353,0.2222222222222222
