model,training_variant,test_subset,training_rows,test_rows,MAE,RMSE,MAPE,R2,MeanBias,MedianAE
14-day moving average,No training,All synthetic holdout,0,271,0.20625890888593248,0.26187242672507866,23.538494638154614,0.05085072441653948,0.008943926040962247,0.16370300018498862
Random forest (S2),All synthetic 2024 training rows,All synthetic holdout,266,271,0.21255935965441522,0.26406743863303894,26.00594669758664,0.03487252097169946,0.12049555502511726,0.1736141335549859
Random forest (S2),QA-clean synthetic 2024 training rows,All synthetic holdout,214,271,0.21427263099344934,0.2660307775987626,26.142998763549624,0.02046774183154687,0.12270914919083953,0.1833838352163335
14-day moving average,No training,QA-clean synthetic holdout,0,233,0.21191959037235897,0.2651554928851117,24.436428242683437,0.011739456075678056,0.011098268342835971,0.1888683354444829
Random forest (S2),All synthetic 2024 training rows,QA-clean synthetic holdout,266,233,0.21099521975242486,0.2620223805542073,26.303346625345807,0.03495630844417397,0.12257239726284541,0.1736141335549859
Random forest (S2),QA-clean synthetic 2024 training rows,QA-clean synthetic holdout,214,233,0.21275657870824494,0.2642030963704524,26.453772174659907,0.0188260567582067,0.12441611181113225,0.1833838352163335
