model,specification,n_features,cv_MAE_mean,cv_MAE_sd,cv_RMSE_mean,holdout_n,holdout_MAE,holdout_RMSE,holdout_MAPE,holdout_R2,holdout_MeanBias,holdout_MedianAE,AsymAbsLoss_under_w2,AsymAbsLoss_under_w5,WeightedMAE_stress_w3,Pinball_q0.75,Pinball_q0.90,Stress_average_precision
14-day moving average,14-day short-memory baseline,1,0.22134027403204687,0.022571128558020705,0.2735455248721018,271,0.20625890888593248,0.26187242672507866,23.538494638154614,0.05085072441653948,0.008943926040962247,0.16370300018498862,0.3049164003084176,0.600888874575873,0.24523769506168047,0.10089347293272569,0.09955188402658134,0.3092768001527374
Random forest (S2),S2: calendar + autoregressive,29,0.19954470713643918,0.014579560363223963,0.24441234474272755,271,0.21255935965441522,0.26406743863303894,26.00594669758664,0.03487252097169946,0.12049555502511726,0.1736141335549859,0.2585912619690642,0.39668696891301114,0.20960942309648942,0.0761557910709283,0.0580814578171607,0.34884220045478836
LSTM 28-step (S2),S2: calendar + autoregressive,29,0.2153965079020284,0.014035573490981066,0.26307041608172577,271,0.22648634640707346,0.2774701696839026,27.608476568711854,-0.06558371478451064,0.1314299017274433,0.18702072567409944,0.2740145687468885,0.4165992357663338,0.22106750969850475,0.0803856977716759,0.0606712125125594,0.35554447926501687
XGBoost (S2),S2: calendar + autoregressive,29,0.211179815338662,0.02652585684803163,0.26221099554210886,271,0.27489794579201254,0.32965329860744697,33.91906630421145,-0.5040761565835981,0.20724037177183624,0.2479095739476822,0.3087267328021007,0.4102130938323652,0.2467251103338955,0.08563887995304723,0.05455282418727178,0.3268092143748066
LightGBM (S2),S2: calendar + autoregressive,29,0.2069253355350186,0.017099929660511676,0.25586069644704473,271,0.28300472299481716,0.3381699587154509,34.444779298544645,-0.5827962915311711,0.2222229700886045,0.2599899223236817,0.31339559944792333,0.4045682288072422,0.2504702004615863,0.08594661897525742,0.05261317346196673,0.2927658401049431
