model,n_folds,cv_MAE_mean,cv_MAE_sd,cv_MAE_min,cv_MAE_max,cv_MAE_range,cv_RMSE_mean,fold_stress_days_total,fold_stress_recall_mean,fold_stress_recall_sd,data_scope
Random forest (S2),5,0.19954470713643913,0.014579560363223977,0.1838322716097371,0.2235373840872618,0.03970511247752467,0.2444123447427275,81,0.48871001031991745,0.19030300762615088,Synthetic demonstration data
LightGBM (S2),5,0.20692533553501855,0.017099929660511676,0.1894810750525227,0.2285946017895058,0.039113526736983095,0.2558606964470447,81,0.484468524251806,0.1419357677879534,Synthetic demonstration data
XGBoost (S2),5,0.211179815338662,0.026525856848031618,0.1779674685583795,0.2401472533147596,0.06217978475638011,0.2622109955421088,81,0.5789060887512899,0.20174879835167508,Synthetic demonstration data
LSTM 28-step (S2),5,0.2153965079020284,0.014035573490981052,0.1989614437631903,0.2361348260389286,0.0371733822757383,0.26307041608172577,81,0.08421052631578947,0.18830046126314015,Synthetic demonstration data
14-day moving average,5,0.22134027403204684,0.022571128558020716,0.188349062397404,0.2506056848605675,0.06225662246316349,0.2735455248721018,81,0.11721362229102168,0.15073133070058475,Synthetic demonstration data
